Proteobacteria	0.5
not classified	0.36538461538461536
Actinobacteria	0.11538461538461539
Bacteroidetes	0.019230769230769232
